<?xml version="1.0" encoding="UTF-8"?>
<repomd xmlns="http://linux.duke.edu/metadata/repo" xmlns:rpm="http://linux.duke.edu/metadata/rpm">
 <revision>1571843422</revision>
<data type="filelists">
  <checksum type="sha256">109b165962bcaa0309f6a8df18017162b8fc724b21542e5130a1625e6b1d925a</checksum>
  <open-checksum type="sha256">ff6193fa704db32739cdc58217d28dd83211d4902d98717ae990ee3c4c2dac75</open-checksum>
  <location href="repodata/109b165962bcaa0309f6a8df18017162b8fc724b21542e5130a1625e6b1d925a-filelists.xml.gz"/>
  <timestamp>1571843428</timestamp>
  <size>34771</size>
  <open-size>334444</open-size>
</data>
<data type="primary">
  <checksum type="sha256">d898fd3a8f887afd984a8fa751c17900d8f42b85932bc04c022fe9303b7e4b33</checksum>
  <open-checksum type="sha256">df5fda1f490b648cd2bdf4bbc0faf1aa8b05bef48a0a93e0279ecdbf18a0036c</open-checksum>
  <location href="repodata/d898fd3a8f887afd984a8fa751c17900d8f42b85932bc04c022fe9303b7e4b33-primary.xml.gz"/>
  <timestamp>1571843428</timestamp>
  <size>31468</size>
  <open-size>229768</open-size>
</data>
<data type="primary_db">
  <checksum type="sha256">fb83a4e52d6cb2e12dbfa3ec4771ce86c78fd1cf284fc187af7039f2838f6fef</checksum>
  <open-checksum type="sha256">58a700a04b8dd1faf15bd79d52650eef64ec15033510b11a32d289e37aabc578</open-checksum>
  <location href="repodata/fb83a4e52d6cb2e12dbfa3ec4771ce86c78fd1cf284fc187af7039f2838f6fef-primary.sqlite.bz2"/>
  <timestamp>1571843429</timestamp>
  <database_version>10</database_version>
  <size>67934</size>
  <open-size>277504</open-size>
</data>
<data type="other_db">
  <checksum type="sha256">d0b762ab40740d29dcf11a7a8fa4b88d472c84f0ce26e654264cca77cdaaf027</checksum>
  <open-checksum type="sha256">d5e7316a0c09677d77046f9d58a7b510b0747537b2fd547fa7f12dd5af252a2a</open-checksum>
  <location href="repodata/d0b762ab40740d29dcf11a7a8fa4b88d472c84f0ce26e654264cca77cdaaf027-other.sqlite.bz2"/>
  <timestamp>1571843429</timestamp>
  <database_version>10</database_version>
  <size>28761</size>
  <open-size>133120</open-size>
</data>
<data type="other">
  <checksum type="sha256">c1720beeef89738e24ba9c97dfeff2a8de82633220f0935ec9f0276e32a37940</checksum>
  <open-checksum type="sha256">b6b56c6cde569684dfe65cbb982de6e95943f25bfb7712f378e457fb3e9435ac</open-checksum>
  <location href="repodata/c1720beeef89738e24ba9c97dfeff2a8de82633220f0935ec9f0276e32a37940-other.xml.gz"/>
  <timestamp>1571843428</timestamp>
  <size>18635</size>
  <open-size>138695</open-size>
</data>
<data type="filelists_db">
  <checksum type="sha256">492f61a2cc6ec6bf3793134f123d2dd876057c77d6c0b02363b177970c20b7b9</checksum>
  <open-checksum type="sha256">28c2d9458165fcae174271cc7aec4974915378cecbed3e879c3a9ed8046e559c</open-checksum>
  <location href="repodata/492f61a2cc6ec6bf3793134f123d2dd876057c77d6c0b02363b177970c20b7b9-filelists.sqlite.bz2"/>
  <timestamp>1571843429</timestamp>
  <database_version>10</database_version>
  <size>51577</size>
  <open-size>194560</open-size>
</data>
</repomd>
